name,Type
University of Oxford,[[Collegiate university|Collegiate]] [[research university]]<br />[[Ancient university]]
University of Cambridge,Public
Imperial College London,Public
ETH Zurich,Public
Tsinghua University,Public
Peking University,Public
National University of Singapore,Public
University of Toronto,Public
UCL,Unknown
The University of Tokyo,Unknown
University of Edinburgh,Public
Technical University of Munich,Public
"Nanyang Technological University, Singapore",Unknown
École Polytechnique Fédérale de Lausanne,Public
University of Hong Kong,Public
University of Melbourne,Public
King’s College London,Public
LMU Munich,Unknown
Paris Sciences et Lettres – PSL Research University Paris,Unknown
University of British Columbia,Unknown
Shanghai Jiao Tong University,Public
Fudan University,Public
KU Leuven,Public
London School of Economics and Political Science,Unknown
Universität Heidelberg,Unknown
Delft University of Technology,Public
McGill University,Public
Karolinska Institute,Public
University of Manchester,Unknown
Chinese University of Hong Kong,Public
Monash University,Public
Kyoto University,Public
Zhejiang University,Public
University of Science and Technology of China,Public
Université Paris-Saclay,Unknown
The University of Sydney,Unknown
University of Amsterdam,Public
Seoul National University,[[National university|National]]
The Hong Kong University of Science and Technology,Unknown
Wageningen University & Research,Public
Australian National University,Public
The University of Queensland,Unknown
Institut Polytechnique de Paris,Unknown
Nanjing University,Public
Sorbonne University,Public
Yonsei University (Seoul campus),Unknown
Leiden University,Public
University of Groningen,Public
University of Zurich,Public
University of Bristol,Public
City University of Hong Kong,Public
Korea Advanced Institute of Science and Technology (KAIST),Unknown
UNSW Sydney,Unknown
University of Glasgow,Public
Hong Kong Polytechnic University,Public
Humboldt University of Berlin,Public
RWTH Aachen University,Public
University of Bonn,Public
Charité - Universitätsmedizin Berlin,Unknown
Lomonosov Moscow State University,Unknown
University of Tübingen,Public
KTH Royal Institute of Technology,Public
University of Southampton,Public
Erasmus University Rotterdam,Public
University of Birmingham,Public
Free University of Berlin,Public
University of Copenhagen,Public
McMaster University,Public
University of Sheffield,Public
Lund University,Public
University of Warwick,Public
Aarhus University,Public
University of Alberta,Public
University of Adelaide,Public
University of Göttingen,Public
University of Montreal,Unknown
Ghent University,Public
University of Bern,Public
University of Vienna,Public
University of Helsinki,Public
University of Basel,Public
University of Massachusetts,Public
Vrije Universiteit Amsterdam,Public
Technical University of Denmark,Public
University of Oslo,Public
University of Freiburg,Public
University of Leeds,Public
University of Nottingham,Public
Tohoku University,Public
Trinity College Dublin,Unknown
Queen Mary University of London,Public
University of Hamburg,Public
Technical University of Berlin,Unknown
Maastricht University,Public
Karlsruhe Institute of Technology,Public
Radboud University Nijmegen,Public
Uppsala University,Public
University of Lausanne,Public
The University of Western Australia,Unknown
Sungkyunkwan University (SKKU),Unknown
University of York,Public
University of Technology Sydney,Public
Pohang University of Science and Technology (POSTECH),Unknown
University of Auckland,Public
Sichuan University,Public
University of Barcelona,Public
National Taiwan University (NTU),Unknown
Université Paris Cité,Unknown
University of Bologna,Public
Lancaster University,Public
Huazhong University of Science and Technology,Public
University of Waterloo,Public
University of Cologne,Public
University of Antwerp,Public
TU Dresden,Public
Wuhan University,Public
University of Cape Town,Public
Université Catholique de Louvain,Unknown
Eindhoven University of Technology,Public
Harbin Institute of Technology,Public
University of Liverpool,Public
Newcastle University,Public
Scuola Normale Superiore di Pisa,Public
Durham University,Public
Osaka University,Unknown
University of Würzburg,Public
Beijing Normal University,Public
University of Exeter,Public
University of Ottawa,Public
Macquarie University,Public
Sapienza University of Rome,Public
University of Geneva,Public
University of Twente,Public
Stockholm University,Public
Tongji University,Public
University of Mannheim,Public
Chalmers University of Technology,Private
Cardiff University,Public
Tokyo Institute of Technology,Public
University of Erlangen-Nuremberg,Unknown
University of Macau,Public
University of Münster,Public
University of St Andrews,Public
Ulm University,Unknown
Queensland University of Technology,Public
Ulsan National Institute of Science and Technology (UNIST),[[National university|National]]
Aalborg University,Public
Aalto University,Public
University of Aberdeen,Public
Abu Dhabi University,Private
Autonomous University of Barcelona,Public
University of Calgary,Unknown
Curtin University,Public
Friedrich Schiller University Jena,Unknown
Goethe University Frankfurt,Public
University of Gothenburg,Public
Indian Institute of Science,Public
King Fahd University of Petroleum and Minerals,[[Nonprofit organization|Nonprofit Research University]]
Korea University,Private
University of Leicester,Public
Université Libre de Bruxelles,Independent (partly state-funded)
University of Luxembourg,Public
Medical University of Graz,Public
Medical University of Vienna,Public
Moscow Institute of Physics and Technology (MIPT),Unknown
Nagoya University,Public
University of Newcastle,Unknown
University of Padua,Public
Politecnico di Milano,Unknown
Pompeu Fabra University,Public
University of Potsdam,Public
Queen’s University Belfast,Public
University of Reading,Public
Sant’Anna School of Advanced Studies – Pisa,Unknown
University of São Paulo,Public
Southern University of Science and Technology (SUSTech),Unknown
Sun Yat-sen University,Public
University of Sussex,Public
Swinburne University of Technology,Public
Tel Aviv University,Public
Tianjin University,Public
Tilburg University,[[Special_school_(Netherlands) |Special]]
University College Dublin,Public
Vrije Universiteit Brussel,Independent (partly state-funded)
Western University,Unknown
University of Wollongong,Public
University of Bath,Public
Beijing Institute of Technology,Public
University of Bergen,Public
Deakin University,Public
University of East Anglia,Public
École Normale Supérieure de Lyon,[[Grandes écoles|Grande école]] ({{Lang|fr|[[École normale supérieure]]|italic=no}})
Griffith University,Public
Heinrich Heine University Düsseldorf,Public
University of Hohenheim,Public
Humanitas University,Private
Johannes Gutenberg University of Mainz,Unknown
Khalifa University,Public
King Abdulaziz University,Public
University of Konstanz,Public
Kyung Hee University,Private
Lappeenranta-Lahti University of Technology LUT,Unknown
La Trobe University,Public
Université Laval,Public
Linköping University,Public
Loughborough University,Public
Macau University of Science and Technology,Private
University of Malaya,Public
Medical University of Innsbruck,Public
Nankai University,Public
University of Oulu,Public
Qatar University,Public
Queen’s University,Unknown
RCSI University of Medicine and Health Sciences,Unknown
RMIT University,Unknown
Ruhr University Bochum,Public
Sejong University,Private
Semmelweis University,Public
Simon Fraser University,Public
South China University of Technology,Public
University of Southern Denmark,Public
University of South Florida,Public
University of Stuttgart,Public
University of Surrey,Public
Università della Svizzera italiana,Public
Swansea University,Public
University of Tasmania,Public
Technical University of Darmstadt,Unknown
TU Wien,Public
Vita-Salute San Raffaele University,Private
Xi’an Jiaotong University,Public
Beihang University,Public
University of Bremen,Public
Catholic University of the Sacred Heart,Unknown
"China Medical University, Taiwan",Unknown
Copenhagen Business School,Public
Dalhousie University,Public
University of Dundee,Public
East China Normal University,Public
University of Essex,Public
Flinders University,Public
University of Galway,Public
Université Grenoble Alpes,Unknown
Hanyang University,Private
Hebrew University of Jerusalem,Public
Hong Kong Baptist University,Public
University of Innsbruck,Public
University of Kiel,Unknown
Kyushu University,Public
University of Liège,Public
Montpellier University,Unknown
University of Navarra,Private
Northwestern Polytechnical University,Public
Norwegian University of Science and Technology,Public
Oregon Health and Science University,Unknown
University of Otago,Public
University of Pavia,Public
University of Rome II – Tor Vergata,Unknown
"Royal Holloway, University of London",Public
"St George’s, University of London",Public
Sharif University of Technology,Public
University of South Australia,Public
Southeast University,Public
Stellenbosch University,Public
University of Strathclyde,Public
Swedish University of Agricultural Sciences,Public
Tampere University,Public
University of Tartu,Public
Universiti Teknologi Petronas,Private
University of Turku,Public
United Arab Emirates University,Public
University College Cork,Public
Western Sydney University,Public
University of the Witwatersrand,Public
Xiamen University,Public
Aix-Marseille University,Public
Amirkabir University of Technology,Public
Autonomous University of Madrid,Public
University of Bayreuth,Public
University of Bordeaux,Public
Brunel University London,Unknown
University of Campinas,Unknown
University of Canberra,Public
Chongqing University,Public
"City, University of London",Public
Daegu Gyeongbuk Institute of Science and Technology (DGIST),National
Edith Cowan University,Public
University of Electronic Science and Technology of China,Public
University of Florence,Public
Free University of Bozen-Bolzano,Private
Hasselt University,Unknown
Heriot-Watt University,Public
Hokkaido University,Public
Hunan University,Public
James Cook University,Public
Justus Liebig University Giessen,Unknown
Koç University,Private
Leibniz University Hannover,Public
University of Manitoba,Public
Middle East Technical University,Public
University of Milan,Public
University of Milan-Bicocca,State-supported
Murdoch University,Public
University of Naples Federico II,Public
Peter the Great St Petersburg Polytechnic University,Public
Sabancı University,Private
University of St Gallen,Public
University of Saskatchewan,Public
University of Sharjah,Private
Shenzhen University,Public
Southern Medical University,Public
University of Southern Queensland,Public
Technion Israel Institute of Technology,Unknown
University of Trento,Public
University of Tsukuba,Public
University of Victoria,Public
York University,Public
"Asia University, Taiwan",Private
Aston University,Public
Auckland University of Technology,Public
Australian Catholic University,Public
Bangor University,Public
Bauman Moscow State Technical University,Public
Bond University,Private
Bournemouth University,Public
University of Brescia,Public
Universiti Brunei Darussalam,Public
"University of California, Merced",Public
Campus Bio-Medico University of Rome,Unknown
University of Catania,Public
Centrale Nantes,Unknown
Charles Darwin University,Public
Charles University,Public
Chung-Ang University,Private
Claude Bernard University Lyon 1,Public
University of Coimbra,Public
Constructor University Bremen,Unknown
Dalian University of Technology,Public
Dublin City University,Public
École des Ponts ParisTech,Unknown
Federal University of Toulouse Midi-Pyrénées,Unknown
University of Fribourg,Public
University of Genoa,State-supported
"Goldsmiths, University of London",Public
University of Greifswald,Public
University of Guelph,Public
Gwangju Institute of Science and Technology (GIST),Unknown
HSE University,Unknown
University of Hull,Public
Imam Mohammad Ibn Saud Islamic University,Public
IMT Atlantique,Public
Institut Agro,Unknown
Iran University of Science and Technology,Public
University of Johannesburg,Public
Johannes Kepler University of Linz,Unknown
University of Jyväskylä,Public
Universiti Kebangsaan Malaysia,Unknown
University of Kent,Public
King Saud University,Public
University of Limerick,Public
Lincoln University,Unknown
University of Lisbon,Public
University of Marburg,Public
Maynooth University,Public
University of Modena and Reggio Emilia,State-supported
National Research Nuclear University MEPhI,Unknown
National Taiwan University of Science and Technology (Taiwan Tech),Public
National Tsing Hua University,Public
National Yang Ming Chiao Tung University,Public
University of Neuchâtel,Public
University of Passau,Public
University of Pisa,Public
University of Plymouth,Public
Polytechnic University of Turin,Public
Pontificia Universidad Católica de Chile,Unknown
University of Porto,Public
University of Portsmouth,Public
Prince Sultan University (PSU),Unknown
Quaid-i-Azam University,Public
Université du Québec,Public
Royal Veterinary College,Public
Universiti Sains Malaysia,Public
SOAS University of London,Public
University of Stirling,Public
Sumy State University,Classical university
Taipei Medical University,Private
University of Tehran,Public
Universiti Teknologi Malaysia,Unknown
Tokyo Medical and Dental University (TMDU),Unknown
TU Dortmund University,Unknown
University of Turin,Public
Umeå University,Public
Universiti Utara Malaysia,Public
University of Vaasa,Public
Verona University,Unknown
Victoria University,Unknown
Victoria University of Wellington,Public
University of Waikato,Public
Zayed University,Unknown
Aberystwyth University,Public
Åbo Akademi University,Public
Ajou University,Private
Alfaisal University,Private
American University of Beirut,Private
Anglia Ruskin University (ARU),Unknown
Anna University,Public
University of L’Aquila,State-supported
Babol Noshirvani University of Technology,Public
Bar-Ilan University,Public
Beirut Arab University,Private
Ben-Gurion University of the Negev,Public
University of Bradford,Public
Brighton and Sussex Medical School,[[Medical school]]
Ca’ Foscari University of Venice,Public
University of Calabria,Public
University of Canterbury,Public
Carleton University,Public
Central Queensland University,Unknown
"China University of Petroleum, Beijing",Unknown
Complutense University of Madrid,Public
Concordia University,Public
University of Côte d’Azur,Unknown
University of Crete,Public
University of Cyprus,Public
Donghua University,Public
University of Eastern Finland,Public
Edinburgh Napier University,Public
ENSTA Bretagne,Unknown
University of Ferrara,State-supported
University of Granada,Public
University of Graz,Public
Graz University of Technology,Public
University of Greenwich,Public
Hamburg University of Technology,Public
University of Huddersfield,Public
University of Iceland,Public
Istanbul Technical University,Public
Jamia Millia Islamia,Public
Jinan University,[[National university|National]]
Keele University,Public
King Khalid University,Public
University of Klagenfurt,Public
University of KwaZulu-Natal,Public
Kyungpook National University,National
Lebanese American University,Private
Leuphana University of Lüneburg,Public
University of Lincoln,Public
Liverpool John Moores University,Public
Mahatma Gandhi University,Unknown
Manchester Metropolitan University,Public
Massey University,Public
Memorial University of Newfoundland,Public
University of Messina,Public
Middlesex University,Public
University of Mons,Unknown
Nantes Université,Public
National Cheng Kung University (NCKU),Unknown
National and Kapodistrian University of Athens,Public
National Taiwan Normal University,Public
National Yunlin University of Science and Technology,University of Science and Technology
Nazarbayev University,Public
University of Nebraska Medical Center,Public
University of Nicosia,Private
Northumbria University,Public
Nottingham Trent University,Public
NOVA University of Lisbon,Unknown
Polytechnic University of Bari,State-supported
University of Pretoria,Public
Pusan National University,[[National university|National]]
Universiti Putra Malaysia,Unknown
Rovira i Virgili University,Unknown
Rush University,Private
University of Salerno,State-supported
Sciences Po,Public
Shanghai University,Public
Shiraz University of Technology,Public
Shoolini University of Biotechnology and Management Sciences,Unknown
University of Siena,Public
"Soochow University, China",Unknown
Southern Cross University,Public
University of the Sunshine Coast,Public
University of Tabriz,Public
Tabriz University of Medical Sciences,Public
Taif University,Public
Tomsk State University,Public
University of Trieste,Public
TU Braunschweig,Public
UiT The Arctic University of Norway,Unknown
University of Ulsan,Private
University of Valencia,Public
University of the West of England,Public
University of Windsor,Public
University of Wuppertal,Public
Yangzhou University,Public
Abdul Wali Khan University Mardan,Public
Air University,Unknown
The University of Aizu,Unknown
Alagappa University,Public
Aligarh Muslim University,Public
Amedeo Avogadro University of Eastern Piedmont,Unknown
American University of Sharjah,Private
University of Aveiro,Public
Babol University of Medical Sciences,Public
Banaras Hindu University,Public
University of Bari Aldo Moro,Unknown
University of the Basque Country,Public
University of Beira Interior,Public
Bharathiar University,Public
Bilkent University,Private
Birmingham City University,Public
Boğaziçi University,Public
University of Campania Luigi Vanvitelli,Public
Cankaya University,Unknown
University of Cape Coast,Public
Capital Medical University,Public
Capital University of Science and Technology,Unknown
The Catholic University of Korea,Unknown
Chang Gung University,Private
Chulalongkorn University,Public
COMSATS University Islamabad,Public
University of Córdoba,Unknown
Coventry University,Public
Cyprus University of Technology,Public
University of Debrecen,Public
De Montfort University,Public
University of Derby,Public
Duy Tan University,Private
East China University of Science and Technology,Public
Eastern Mediterranean University,Public
École Centrale de Lyon,Unknown
École des Mines de Saint-Étienne,Unknown
École Nationale des Travaux Publics de l'État (ENTPE),Unknown
Egypt-Japan University of Science and Technology (E-JUST),Unknown
"University of Engineering and Technology, Taxila",Public
Universidade Estadual Paulista (Unesp),Unknown
Ewha Womans University,Private
Federal University of Rio de Janeiro,Public
Universidade Federal do Rio Grande do Sul,Unknown
Federation University Australia,Public
University of Foggia,Public
Gabriele d‘Annunzio University,Unknown
Glasgow Caledonian University,Public
Government College University Faisalabad,Public
Guangdong University of Technology,Public
Hacettepe University,Public
University of Haifa,Public
University of Hail,Unknown
Harokopio University of Athens,Unknown
University of Hertfordshire,Public
Hiroshima University,Public
Imam Abdulrahman Bin Faisal University,Public
Imam Khomeini International University,Public
Indian Institute of Technology Guwahati,Unknown
Indian Institute of Technology (Indian School of Mines) Dhanbad,Unknown
Indian Institute of Technology Patna,Unknown
University of Insubria,State-supported
"International Institute of Information Technology, Hyderabad",Deemed University
Iran University of Medical Sciences,Public
ISCTE-University Institute of Lisbon,Unknown
Isfahan University of Technology,Public
ITMO University,Public
Jagiellonian University,Public
Jamia Hamdard University,Unknown
Jawaharlal Nehru University,Public
Jiangsu University,Public
Jönköping University,Private
The University of Jordan,Unknown
Jouf University,Unknown
Juntendo University,Private
University of Kaiserslautern,Public
University of Kashan,Public
Kashan University of Medical Sciences and Health Services,Unknown
Keio University,Private
KIIT University,Unknown
King Saud bin Abdulaziz University for Health Sciences,Public
Kobe University,Public
Konkuk University,Private
Kurdistan University of Medical Sciences,Unknown
University of Lille,Public
London South Bank University,Public
University of Lorraine,Public
Lviv Polytechnic National University,Unknown
Mahidol University,Public
Malaviya National Institute of Technology,Public
Universiti Malaysia Pahang,Public
Manipal Academy of Higher Education,[[Institution of Eminence]] [[Deemed to be University]]
Marche Polytechnic University,State-supported
Masaryk University,Public
Mashhad University of Medical Sciences,Public
Mazandaran University of Medical Sciences,Public
University of Minho,Public
Monterrey Institute of Technology,Private
University of Namur,Unknown
Nanjing University of Aeronautics and Astronautics,Public
Nanjing Forestry University,Public
Nanjing Tech University,Public
National Institute of Applied Sciences of Lyon (INSA Lyon),Unknown
National University of Sciences and Technology,Unknown
National University of Science and Technology (MISiS),Unknown
National Sun Yat-Sen University,Public
National Technical University of Athens,Public
National Institute of Technology Rourkela,Public
National Institute of Technology Silchar,Public
Near East University,Private
University of New Brunswick UNB,Unknown
"Northeastern University, China",Unknown
North-West University,Public
Norwegian University of Life Sciences,Public
Novosibirsk State University,Public
Ontario Tech University,Public
The Open University,Unknown
Open University of Catalonia,Unknown
Örebro University,Public
Otto von Guericke University of Magdeburg,Unknown
Oxford Brookes University,Public
University of Palermo,Public
Panjab University,Public
University of Parma,Public
Parthenope University of Naples,Public
Universiti Pendidikan Sultan Idris,Unknown
Universitat Politècnica de Catalunya,Unknown
Polytechnic University of Valencia,Unknown
Prince Sattam Bin Abdulaziz University,Public
Princess Nourah bint Abdulrahman University,Public
Qazvin University of Medical Sciences,Public
Qingdao University,Public
Universitat Ramon Llull,Private
Reykjavík University,Private
University of Rome III,Unknown
Roskilde University,Public
RUDN University,Unknown
Saint-Petersburg Mining University,Unknown
University of Salento,State-supported
University of Sannio,State-supported
University of Santiago de Compostela,Public
University of Sassari,Public
Saveetha Institute of Medical and Technical Sciences,Private
Shahid Beheshti University of Medical Sciences,Public
University of Siegen,Public
South China Normal University,Public
South Ural State University,Public
SRUC (Scotland’s Rural College),Unknown
University of Stavanger,Public
Sultan Qaboos University,Public
Sunway University,Private
Tallinn University of Technology,Public
Tehran University of Medical Sciences,Public
Universiti Tenaga Nasional (UNITEN),Unknown
Thapar Institute of Engineering and Technology,[[Deemed university|Deemed-to-be-University]]
Ton Duc Thang University,Unknown
Toronto Metropolitan University,Public
University of Tuscia,Unknown
University of Udine,State-supported
Ulster University,Public
Umm Al-Qura University,Public
Paris Lodron Universität Salzburg,Unknown
Urmia University of Medical Sciences,Public
VIT University,Unknown
University of Warsaw,Public
University of the Western Cape,Public
University of the West of Scotland,Public
University of Wolverhampton,Public
Wroclaw Medical University,Public
Xi’an Jiaotong-Liverpool University,Unknown
Xidian University,Public
Yeungnam University,Private
Zhejiang Normal University,Public
Zhengzhou University,Public
University of the Aegean,Public
Ahvaz Jundishapur University of Medical Sciences (AJUMS),Public
Al-Azhar University,Public
University of Alcalá,Public
Alexandria University,Public
University of Algarve,Public
American University in Cairo,Private
Amity University,Unknown
Amrita Vishwa Vidyapeetham,Private
"University of the Andes, Colombia",Unknown
Arak University of Medical Sciences,Public
Aristotle University of Thessaloniki,Public
Arts et Métiers,Unknown
Aswan University,Unknown
Athens University of Economics and Business,Public
Bahçeşehir University,Private
Bahria University,Public
University of the Balearic Islands,State University
University of Belgrade,Public
University of Bergamo,State-supported
"Birla Institute of Technology and Science, Pilani",Unknown
BRAC University,Private
Université de Bretagne Occidentale,Unknown
University of Brighton,Public
Bucharest University of Economic Studies,Unknown
Cairo University,Public
University of Camerino (Unicam),Unknown
Carlos III University of Madrid,Unknown
University of Castilla-La Mancha,Unknown
Catholic University of Portugal,[[Concordat|Concordat university]]
Changsha University of Science and Technology,Public
Charles Sturt University,Public
Institute of Chemical Technology,Government aided university
Chengdu University,Public
Chiang Mai University,Public
Chiba University,[[National university|National]]
University of Chile,Public
China University of Petroleum (East China),Unknown
Chonnam National University,National
Chungnam National University,[[national university|National]]
University of Clermont Auvergne,Unknown
University of la Costa,Unknown
Covenant University,Private
CY Cergy Paris University,Public
Czech University of Life Sciences Prague (CZU),Unknown
Damietta University,Unknown
University of Delhi,Unknown
Delhi Technological University,Public
University of Deusto,Private
University of Dhaka,Public
Eötvös Loránd University,Public
Federal University of Minas Gerais,Public
Universidade Federal de Santa Catarina,Unknown
Universidade Federal de São Paulo (UNIFESP),Unknown
Ferdowsi University of Mashhad,Public
University of the Free State,Public
Fuzhou University,Public
University of Girona,Public
University of Gloucestershire,Public
Gorgan University of Agricultural Sciences and Natural Resources,Unknown
Guangzhou University,Public
Guangzhou Medical University,Public
Guilan University of Medical Sciences,Public
Harbin Engineering University,Public
Hazara University Mansehra,Unknown
University of Ibadan,Public
Ilam University of Medical Sciences,Public
"Indian Institute of Science Education and Research, Pune",Public
Indian Institute of Technology Gandhinagar,Unknown
University of Indonesia,Public
Indraprastha Institute of Information Technology Delhi,[[State university (India)|State university]]
Inha University,Private
Universitat Internacional de Catalunya,Unknown
"International Islamic University, Islamabad",Unknown
Isfahan University of Medical Sciences,Public
Islamia College Peshawar,Unknown
University of Jaén,Public
Jahangirnagar University,Public
Jaume I University,Unknown
Jawaharlal Nehru Technological University Anantapur (JNTUA),[[Education]] and [[Research]] [[Institution]]
Jaypee University of Information Technology,Private
Jazan University,Public
Jeonbuk National University,Unknown
Jiangnan University,[[National Key Universities|National]]
Jordan University of Science and Technology,Public
JSS Academy of Higher Education and Research,Unknown
Kafrelsheikh University,Public
Kalasalingam Academy of Research and Education,Private
Kaohsiung Medical University,Private
Kazan Federal University,Public
King Faisal University,Public
King Mongkut’s University of Technology Thonburi,Public
Kingston University,Public
K.N. Toosi University of Technology,Unknown
Kore University of Enna,State-supported
Kumamoto University,Public
University of Kurdistan,Unknown
Kyoto Prefectural University of Medicine,Unknown
University of Lahore,Private
Lahore University of Management Sciences,Private
Lakehead University,Public
Lebanese University,Public
Leeds Beckett University,Unknown
Lithuanian University of Health Sciences,Public
University of Ljubljana,Public
University of Lleida,Unknown
Lovely Professional University,Private
Makerere University,Public
University of Malakand,Unknown
University of Malta,Public
University of Management and Technology,Unknown
Mansoura University,Public
Medical University of Lodz,Unknown
University of Medicine and Pharmacy Carol Davila,Unknown
University of Mohaghegh Ardabili,Public
University of Murcia,Public
Nanjing University of Information Science and Technology,Public
Nanjing Medical University,Medical
Nanjing Normal University,Public
National Autonomous University of Mexico,Public
National Taipei University of Technology,Public
"National Institute of Technology, Tiruchirappalli","[[National university|National]] [[research university|research]] [[deemed university]]<ref name=""REC-NIT"" /><br />[[Institute of national importance]]<ref name="":6"" /><br />[[Centrally Funded Technical Institutes|Centrally funded technical institute]]<ref name=""mhrd.gov.in"" />"
North China Electric Power University,Public
Northeast Normal University,Public
University of Northern British Columbia (UNBC),Unknown
North South University,Private
Okayama University,Public
University of Oviedo,Public
Ozyegin University,Unknown
Pablo de Olavide University,Public
Palacký University Olomouc,Public
Panthéon-Sorbonne University – Paris 1,Unknown
University of Patras,Public
UPES,Unknown
Université de Poitiers,Unknown
Pontifical Catholic University of Rio de Janeiro (PUC-Rio),Unknown
University of the Punjab,Public
Qassim University,Public
Qom University of Medical Sciences,Public
University of Regina,Public
Reichman University,Private
University of Rennes 1,Public
Robert Gordon University,Public
University of Roehampton,Public
University of Salamanca,Public
University of Salford,Public
Savitribai Phule Pune University,Public
Sechenov University,Unknown
University of Seoul,Public
University of Seville,Public
Shahrekord University of Medical Sciences,Public
Shantou University,Public
Sheffield Hallam University,Public
Shiraz University,Public
Shiraz University of Medical Sciences,Public
Shri Mata Vaishno Devi University,Public
Siksha ‘O’ Anusandhan,Private
Sogang University,Private
Institute of Space Technology,Public
University of Tabuk,Public
Technical University of Madrid,Public
"University of Technology, Iraq",Public
Tokyo University of Agriculture and Technology,Public
Tokyo Medical University,[[Medical University]]
Tomsk Polytechnic University,Public
University of Tours,Public
University of Trás-os-Montes and Alto Douro,Public
University of Tunis El Manar,Unknown
Urmia University,Public
"University of Veterinary and Animal Sciences, Lahore",Unknown
University of Vic – Central University of Catalonia,Unknown
University of Vigo,Public
Vilnius University,Public
Waseda University,Private
Wenzhou University,Public
Wenzhou Medical University,Public
University of Westminster,Public
Yıldız Technical University,Public
Yokohama City University,Public
Zagazig University,Public
University of Zaragoza,Public
ZHAW Zurich University of Applied Sciences,Unknown
Zhejiang Gongshang University,Public
University of A Coruña,Public
"Adam Mickiewicz University, Poznań",Unknown
AGH University of Krakow,Public
Aichi Medical University,Private
Ain Shams University,Public
Akdeniz University,Public
Al-Balqa Applied University,Public
University of Alicante,Public
University of Almería,Public
An-Najah National University,Public
University of Applied Sciences and Arts of Western Switzerland,Unknown
Ateneo de Manila University,Private
Universidad Autónoma de Chile,Unknown
Azarbaijan Shahid Madani University,Public
Babeş-Bolyai University,Public
Bahauddin Zakariya University,Public
Bangladesh Agricultural University (BAU),Unknown
Bangladesh University of Engineering and Technology,Public
Bartin University,Public
University of Bedfordshire,Public
Benha University,Public
Beni-Suef University,Public
Brno University of Technology,Public
University of Bucharest,Public
University of Cadiz,Public
University of Calcutta,Public
Canterbury Christ Church University,Public
University of Central Lancashire,Unknown
"University of Chemistry and Technology, Prague",Public
China Pharmaceutical University,Public
Chung Yuan Christian University,Private
University of Colombo,Public
Comenius University in Bratislava,Unknown
Czech Technical University in Prague,Public
Democritus University of Thrace,Public
University of Desarrollo,Unknown
Diego Portales University,Private
Université Djillali Liabès de Sidi Bel-Abbès,Unknown
Don State Technical University,Public
Dr B.R. Ambedkar National Institute of Technology Jalandhar,Unknown
Durban University of Technology,Public
University of East London,Public
Edge Hill University,Public
"University of Engineering and Technology, Peshawar",Unknown
University of Engineering & Technology (UET) Lahore,Unknown
European University of Madrid,Private
University of Extremadura,Public
Fayoum University,Public
Federal University of São Carlos,Public
Federal University of Technology Akure,Public
Financial University under the Government of the Russian Federation,Public
Firat University,Unknown
University of Franche-Comté,Unknown
Fu Jen Catholic University,Private
Fujian Agriculture and Forestry University,Public
Fujita Health University,Private
Gauhati University,Public
Gdańsk University of Technology,Public
University of Ghana,Public
Gifu University,[[National university|National]]
GLA University,Private
University of Gujrat,Public
Guru Ghasidas Vishwavidyalaya,Public
Hakim Sabzevari University,Public
Hamamatsu University School of Medicine,Public
Huaqiao University,Public
Icesi University,Private
Ilmenau University of Technology,Unknown
IMT Nord Europe,Unknown
Indian Institute of Science Education and Research Kolkata,Public
Indian Institute of Technology Ropar,Unknown
Indian Institute of Technology Mandi,Unknown
University of Ioannina,Public
University of Isfahan,Public
The Islamia University of Bahawalpur,Unknown
Istanbul University,Public
Istanbul University-Cerrahpaşa,Public
Iuliu Haţieganu University of Medicine and Pharmacy Cluj-Napoca,[[State university]]
Jadavpur University,Public
University of Jeddah,Public
Jimma University,[[National university|National]]
Kanazawa University,Public
Kansai Medical University,Private
Karlstad University,Public
Karnatak University Dharwad,Unknown
Kerman University of Medical Sciences,Public
Kharkiv National University of Radio Electronics,Unknown
Kindai University,Private
Kohat University of Science and Technology,Unknown
University of Kragujevac,Public
Kurume University,Unknown
Kuwait University,Public
Kwame Nkrumah University of Science and Technology,Public
University of Lagos,Public
University of La Laguna,Public
University of Las Palmas de Gran Canaria,Public
University of Latvia,Public
University of Leoben,Public
University of León,Public
Lorestan University,Public
Mae Fah Luang University,Public
Maharishi Markandeshwar University (MMU),[[Deemed To Be University]]
University of Malaga,Public
Universiti Malaysia Sarawak (UNIMAS),Unknown
University of Maragheh,Public
University of Mazandaran,Public
Medical University of Bialystok,Public
Medical University of Gdańsk,Unknown
Medical University of Warsaw,Public
"Mehran University of Engineering and Technology, Jamshoro, Pakistan",Unknown
Miguel Hernández University of Elche,Public
Ming Chi University of Technology,Private
Minia University,Public
Mirpur University of Science and Technology,Unknown
Muhimbili University of Health and Allied Sciences,Public
Nagoya City University,Public
Najran University,Public
National Central University,Public
National Chengchi University,Public
National Chung Hsing University,Public
National Institute of Technology Warangal,Public
Necmettin Erbakan University,Public
Nicolaus Copernicus University in Toruń,Public
Niigata University,Public
Nile University,"First Ahleya, non-governmental & non-profit research and entrepreneurial"
Nippon Medical School,Private
Northwest University,Unknown
Óbuda University,Public
"University of Occupational and Environmental Health, Japan",Unknown
University of Pécs,Public
University of Peradeniya,Public
Universidad Peruana Cayetano Heredia,Unknown
University of Peshawar,Public
Plekhanov Russian University of Economics,Public
PMAS Arid Agriculture University Rawalpindi,Unknown
Pondicherry University,[[Central university (India)|Central Research University]]
Pontifical Catholic University of Rio Grande do Sul (PUCRS),Private
Poznan University of Medical Sciences,Public
Public University of Navarre,Public
University of Rajshahi,Public
Razi University,Public
Riga Technical University,Public
Riphah International University,Unknown
Sahand University of Technology,Public
Universidad San Francisco de Quito,Private
University of Sargodha,Public
Semnan University,Public
University of Sfax,Public
​Shahid Chamran University of Ahvaz,Public
Shahrekord University,Public
Shahrood University of Technology,Public
Shanghai Maritime University,Public
Shinshu University,Public
Siberian Federal University,[[Federal university]]
Sidi Mohamed Ben Abdellah University,Unknown
University of Social Welfare and Rehabilitation Sciences,Public
University of South Africa,Public
University of South Bohemia in České Budějovice,Public
University of the South Pacific,Public
University of South Wales,Public
Staffordshire University,Unknown
Suez University,Public
Suez Canal University,Public
SWPS University of Social Sciences and Humanities,Unknown
Symbiosis International University,Private
University of Szeged,Public
Taibah University,Public
Tallinn University,Public
Tanta University,Public
Technical University of Cartagena,Unknown
Technological University Dublin,Public
University of Technology of Troyes,Public
Teesside University,Public
TOBB University of Economics and Technology,Unknown
Tokyo Metropolitan University,Public
Toyohashi University of Technology (TUT),Unknown
Toyota Technological Institute,Private
Universiti Tunku Abdul Rahman (UTAR),Unknown
Universiti Malaysia Terengganu (UMT),Unknown
Ural Federal University,Public
University of Urbino Carlo Bo,Unknown
Urmia University of Technology,Public
USAMV Cluj-Napoca,Unknown
Wakayama Medical University,Public
The University of the West Indies,Unknown
University of West London,Public
University of Winchester,Public
University of Wrocław,Public
Yazd University,[[State university|State]]
University of Zagreb,Public
Zewail City of Science and Technology,Unknown
Zhejiang University of Finance and Economics,Public
University of Žilina,Public
Acharya Nagarjuna University,Public
Adolfo Ibáñez University,Private
"The University of Agriculture, Peshawar",Unknown
Universitas Airlangga,Unknown
Al-Farabi Kazakh National University,[[National university|National]]
Allameh Tabataba ’i University,Public
Al-Nahrain University,Unknown
University of Al-Qadisiyah,Public
Anadolu University,Public
"University of the Andes, Chile",Private
University of Antofagasta,Public
University of Antioquia,Public
"Arab Academy for Science, Technology and Maritime Transport",Diplomatic Organization
Ariel University,Public
Assiut University,Public
Atatürk University,Public
Atılım University,Private
Austral University of Chile,[[Chilean Traditional Universities|Traditional]]
Autonomous University of Sinaloa,Public
University of Babylon,Public
